{
  "version": 2,
  "builds": [
    {
      "src": "frontend/**/*.{html,js,css,json,ico,png,jpg,jpeg,svg,gif,woff,woff2}",
      "use": "@vercel/static"
    }
  ],
  "routes": [
    {
      "src": "/",
      "dest": "/frontend/index.html"
    },
    {
      "src": "/(.*)",
      "dest": "/frontend/$1"
    }
  ],
  "cleanUrls": true,
  "headers": [
    {
      "source": "/(.*)",
      "headers": [
        {
          "key": "Cache-Control",
          "value": "public, max-age=31536000, immutable"
        }
      ]
    }
  ]
}