{
  "version": 2,
  "redirects": [
    {
      "source": "/(.*)",
      "has": [{ "type": "host", "value": "tradematch.uk" }],
      "destination": "https://www.tradematch.uk/$1",
      "permanent": true
    }
  ],
  "builds": [
    {
      "src": "frontend/**",
      "use": "@vercel/static"
    }
  ],
  "rewrites": [
    {
      "source": "/(.*)",
      "destination": "/frontend/$1"
    },
    {
      "source": "/",
      "destination": "/frontend/index.html"
    }
  ],
  "cleanUrls": true,
  "trailingSlash": false,
  "headers": [
    {
      "source": "/(.*)",
      "headers": [
        {
          "key": "Cache-Control",
          "value": "public, max-age=0, must-revalidate"
        },
        {
          "key": "X-Content-Type-Options",
          "value": "nosniff"
        }
      ]
    }
  ]
}
