{
  "london": {
    "name": "London",
    "postcodes": ["SW1", "W1", "EC1", "E1", "N1", "SE1", "E6", "SW7", "W2", "NW1"],
    "region": "Greater London",
    "latitude": 51.5074,
    "longitude": -0.1278,
    "description": "London is the UK's capital and largest city, with diverse property types from Victorian terraces to modern apartments.",
    "population": "9,000,000+",
    "properties": "period homes, terraced houses, apartments, new builds"
  },
  "manchester": {
    "name": "Manchester",
    "postcodes": ["M1", "M2", "M3", "M4", "M20", "M21", "M15", "M16"],
    "region": "Greater Manchester",
    "latitude": 53.4808,
    "longitude": -2.2426,
    "description": "Manchester is a thriving city in North West England, known for its mix of Victorian and modern architecture.",
    "population": "550,000+",
    "properties": "Victorian terraces, semi-detached, modern apartments"
  },
  "birmingham": {
    "name": "Birmingham",
    "postcodes": ["B1", "B2", "B3", "B4", "B5", "B13", "B15", "B17"],
    "region": "West Midlands",
    "latitude": 52.4862,
    "longitude": -1.8904,
    "description": "Birmingham is the UK's second-largest city, featuring diverse housing from period properties to contemporary developments.",
    "population": "1,100,000+",
    "properties": "terraced houses, semi-detached, 1930s properties"
  },
  "glasgow": {
    "name": "Glasgow",
    "postcodes": ["G1", "G2", "G3", "G4", "G5", "G12", "G20"],
    "region": "Scotland",
    "latitude": 55.8642,
    "longitude": -4.2518,
    "description": "Glasgow is Scotland's largest city, known for its Victorian and Edwardian tenements and modern developments.",
    "population": "630,000+",
    "properties": "tenement flats, terraced houses, semi-detached"
  },
  "edinburgh": {
    "name": "Edinburgh",
    "postcodes": ["EH1", "EH2", "EH3", "EH4", "EH6", "EH7"],
    "region": "Scotland",
    "latitude": 55.9533,
    "longitude": -3.1883,
    "description": "Edinburgh, Scotland's capital, features Georgian and Victorian architecture alongside modern developments.",
    "population": "520,000+",
    "properties": "tenement flats, Georgian townhouses, period properties"
  },
  "bristol": {
    "name": "Bristol",
    "postcodes": ["BS1", "BS2", "BS3", "BS4", "BS5", "BS6", "BS7"],
    "region": "South West England",
    "latitude": 51.4545,
    "longitude": -2.5879,
    "description": "Bristol is a vibrant city in South West England with a mix of period terraces and contemporary housing.",
    "population": "465,000+",
    "properties": "Victorian terraces, Georgian properties, modern apartments"
  },
  "leeds": {
    "name": "Leeds",
    "postcodes": ["LS1", "LS2", "LS3", "LS4", "LS6", "LS7", "LS11"],
    "region": "West Yorkshire",
    "latitude": 53.8008,
    "longitude": -1.5491,
    "description": "Leeds is a major city in Yorkshire, featuring Victorian back-to-backs, terraces, and modern developments.",
    "population": "800,000+",
    "properties": "back-to-back terraces, semi-detached, apartments"
  },
  "liverpool": {
    "name": "Liverpool",
    "postcodes": ["L1", "L2", "L3", "L4", "L7", "L8", "L15"],
    "region": "Merseyside",
    "latitude": 53.4084,
    "longitude": -2.9916,
    "description": "Liverpool is a historic port city with Victorian terraces, Georgian townhouses, and waterfront developments.",
    "population": "500,000+",
    "properties": "Victorian terraces, Georgian houses, modern apartments"
  },
  "cardiff": {
    "name": "Cardiff",
    "postcodes": ["CF1", "CF2", "CF3", "CF5", "CF10", "CF11"],
    "region": "Wales",
    "latitude": 51.4816,
    "longitude": -3.1791,
    "description": "Cardiff, the Welsh capital, offers Victorian terraces, Edwardian properties, and modern city center apartments.",
    "population": "365,000+",
    "properties": "Victorian terraces, Edwardian houses, new developments"
  },
  "belfast": {
    "name": "Belfast",
    "postcodes": ["BT1", "BT2", "BT3", "BT4", "BT5", "BT7"],
    "region": "Northern Ireland",
    "latitude": 54.5973,
    "longitude": -5.9301,
    "description": "Belfast is Northern Ireland's capital, featuring Victorian terraces, modern apartments, and suburban homes.",
    "population": "345,000+",
    "properties": "Victorian terraces, semi-detached, modern apartments"
  },
  "newcastle": {
    "name": "Newcastle",
    "postcodes": ["NE1", "NE2", "NE3", "NE4", "NE6", "NE15"],
    "region": "Tyne and Wear",
    "latitude": 54.9783,
    "longitude": -1.6178,
    "description": "Newcastle upon Tyne features Victorian terraces, Tyneside flats, and modern riverside developments.",
    "population": "300,000+",
    "properties": "Tyneside flats, Victorian terraces, modern apartments"
  },
  "nottingham": {
    "name": "Nottingham",
    "postcodes": ["NG1", "NG2", "NG3", "NG4", "NG7"],
    "region": "East Midlands",
    "latitude": 52.9548,
    "longitude": -1.1581,
    "description": "Nottingham is a historic city with Victorian terraces, semi-detached properties, and student accommodation.",
    "population": "330,000+",
    "properties": "Victorian terraces, semi-detached, purpose-built flats"
  },
  "cambridge": {
    "name": "Cambridge",
    "postcodes": ["CB1", "CB2", "CB3", "CB4", "CB5"],
    "region": "Cambridgeshire",
    "latitude": 52.2053,
    "longitude": 0.1218,
    "description": "Cambridge is a historic university city featuring period properties, Victorian terraces, and modern developments.",
    "population": "145,000+",
    "properties": "period cottages, Victorian terraces, modern houses"
  },
  "brighton": {
    "name": "Brighton",
    "postcodes": ["BN1", "BN2", "BN3", "BN41"],
    "region": "East Sussex",
    "latitude": 50.8225,
    "longitude": -0.1372,
    "description": "Brighton is a vibrant seaside city known for Regency architecture, Victorian terraces, and seafront apartments.",
    "population": "290,000+",
    "properties": "Regency properties, Victorian terraces, apartments"
  },
  "reading": {
    "name": "Reading",
    "postcodes": ["RG1", "RG2", "RG4", "RG6"],
    "region": "Berkshire",
    "latitude": 51.4543,
    "longitude": -0.9781,
    "description": "Reading is a major town in Berkshire with Victorian terraces, post-war housing, and modern developments.",
    "population": "170,000+",
    "properties": "Victorian terraces, 1930s properties, modern apartments"
  },
  "southampton": {
    "name": "Southampton",
    "postcodes": ["SO14", "SO15", "SO16", "SO17"],
    "region": "Hampshire",
    "latitude": 50.9097,
    "longitude": -1.4044,
    "description": "Southampton is a major port city featuring post-war housing, Victorian properties, and modern waterfront developments.",
    "population": "255,000+",
    "properties": "post-war houses, Victorian terraces, modern apartments"
  }
}
