{
  "faqs": {
    "bathroom": [
      {
        "question": "How long does a bathroom installation take?",
        "answer": "A typical bathroom installation takes 1-3 weeks depending on the complexity. This includes plumbing, tiling, fitting fixtures, and final touches. Simple bathroom suites may take 5-7 days, while full renovations with structural changes can take up to 4 weeks."
      },
      {
        "question": "How much does a new bathroom cost in the UK?",
        "answer": "Bathroom installation costs range from £3,000 for a basic suite to £8,000+ for a premium bathroom with high-end fixtures and extensive tiling. Costs include labor, materials, plumbing, electrical work, and waste removal."
      },
      {
        "question": "Do I need planning permission for a bathroom?",
        "answer": "Most bathroom installations don't require planning permission, but you may need Building Regulations approval for structural changes, new drainage, or ventilation. Your bathroom installer will advise on requirements."
      },
      {
        "question": "Are bathroom installers vetted?",
        "answer": "Yes, all bathroom fitters on TradeMatch are ID verified, insurance checked, and reviewed by previous customers. We ensure all tradespeople meet our quality standards."
      },
      {
        "question": "Can I get same-day bathroom quotes?",
        "answer": "Yes, simply enter your postcode and requirements, and you'll receive quotes from local bathroom installers within 24 hours. Most customers receive 3-5 quotes to compare."
      }
    ],
    "kitchen": [
      {
        "question": "How long does kitchen fitting take?",
        "answer": "Kitchen installation typically takes 2-4 weeks including removal of old units, fitting new units, worktops, appliances, and connecting plumbing and electrics. The timeline depends on kitchen size and complexity."
      },
      {
        "question": "What's included in kitchen fitting costs?",
        "answer": "Kitchen fitting costs include removal of old units, installation of new cabinets, worktops, sinks, appliances, and connecting plumbing and electrics. Additional costs may include flooring, tiling, and decorating."
      },
      {
        "question": "Do I need to hire separate trades for kitchen fitting?",
        "answer": "No, experienced kitchen fitters can handle all aspects including carpentry, plumbing, and basic electrical work. However, specialist plumbers and electricians may be needed for complex installations."
      },
      {
        "question": "How much does a new kitchen cost?",
        "answer": "New kitchen costs range from £5,000 for a basic kitchen to £15,000+ for a high-end fitted kitchen with premium appliances. Mid-range kitchens typically cost £8,000-£12,000."
      },
      {
        "question": "Are kitchen fitters insured?",
        "answer": "Yes, all kitchen fitters on TradeMatch carry public liability insurance and are fully vetted before joining our platform. This protects you and your property during installation."
      }
    ],
    "loft": [
      {
        "question": "Do I need planning permission for a loft conversion?",
        "answer": "Many loft conversions fall under Permitted Development Rights and don't require planning permission. However, this depends on property type, roof alterations, and conservation area restrictions. Building Regulations approval is always required."
      },
      {
        "question": "How long does a loft conversion take?",
        "answer": "Most loft conversions take 6-10 weeks depending on complexity. This includes structural work, insulation, electrics, plumbing, plastering, and final fit-out."
      },
      {
        "question": "Will a loft conversion add value to my property?",
        "answer": "Yes, a high-quality loft conversion can increase property value by up to 20-25%. The exact value increase depends on location, quality of work, and local property market."
      },
      {
        "question": "Is my loft suitable for conversion?",
        "answer": "Most lofts are suitable if they have sufficient head height (usually 2.2m minimum) and adequate roof structure. A professional survey will confirm suitability and identify any structural requirements."
      },
      {
        "question": "How much does a loft conversion cost?",
        "answer": "Loft conversion costs vary: Velux conversions £25,000-£35,000, Dormer conversions £40,000-£55,000, Hip to gable £45,000-£60,000, and Mansard conversions £55,000-£75,000+."
      }
    ]
  },
  "reviews": [
    {
      "name": "Sarah J.",
      "location": "London",
      "service": "Bathroom Installation",
      "rating": 5,
      "text": "Found an excellent bathroom fitter through TradeMatch. Job completed on time and within budget. Very professional service from start to finish. Highly recommend!"
    },
    {
      "name": "Michael P.",
      "location": "Manchester",
      "service": "Kitchen Fitting",
      "rating": 5,
      "text": "Received 4 quotes within 24 hours. Chose a local fitter who did an amazing job. Kitchen looks fantastic and the price was very competitive."
    },
    {
      "name": "Emma W.",
      "location": "Birmingham",
      "service": "House Extension",
      "rating": 5,
      "text": "The extension builder was fantastic. Great communication, quality work, and fair pricing. The project finished on schedule. Very happy with TradeMatch!"
    },
    {
      "name": "David L.",
      "location": "Leeds",
      "service": "Loft Conversion",
      "rating": 5,
      "text": "Brilliant service from start to finish. Got multiple quotes and found the perfect loft conversion specialist. Work exceeded expectations."
    },
    {
      "name": "Rachel M.",
      "location": "Glasgow",
      "service": "Electrical Work",
      "rating": 5,
      "text": "Needed urgent electrical work. Found a certified electrician within hours. Professional, efficient, and reasonably priced. Will definitely use again."
    },
    {
      "name": "James H.",
      "location": "Bristol",
      "service": "Plumbing",
      "rating": 5,
      "text": "Emergency plumbing issue sorted quickly. The plumber was experienced, friendly, and fixed the problem efficiently. Great value for money."
    },
    {
      "name": "Lisa K.",
      "location": "Edinburgh",
      "service": "Roofing",
      "rating": 5,
      "text": "Roof was leaking badly. Got 3 quotes from local roofers. Work completed to high standard and no more leaks. Very satisfied."
    },
    {
      "name": "Tom R.",
      "location": "Cardiff",
      "service": "Landscaping",
      "rating": 5,
      "text": "Garden transformation exceeded expectations. The landscaper was creative, professional, and great value. Neighbours are all jealous!"
    },
    {
      "name": "Jenny S.",
      "location": "Liverpool",
      "service": "Carpentry",
      "rating": 5,
      "text": "Had bespoke wardrobes fitted. The carpenter was skilled, tidy, and delivered exactly what we wanted. Beautiful craftsmanship."
    },
    {
      "name": "Andrew B.",
      "location": "Newcastle",
      "service": "Flooring",
      "rating": 5,
      "text": "Hardwood flooring installed throughout downstairs. Excellent work, finished ahead of schedule, and looks stunning. Highly recommend."
    }
  ]
}
