{
  "bathroom": {
    "name": "Bathroom Installation",
    "slug": "bathroom-quotes",
    "keywords": ["bathroom installation", "bathroom fitters", "bathroom renovation", "new bathroom", "bathroom suite", "bathroom fitting cost", "full bathroom installation"],
    "cost_range": "£3,000 - £8,000",
    "basic_cost": "£3,000 - £5,000",
    "mid_cost": "£5,000 - £7,500",
    "premium_cost": "£7,500 - £12,000+",
    "duration": "1-3 weeks",
    "image": "https://images.unsplash.com/photo-1552321554-5fefe8c9ef14?w=800",
    "types": ["Full Suite Installation", "Bathroom Renovation", "Shower Installation", "Bathroom Tiling", "Wet Room Conversion"],
    "description": "Complete bathroom installation including plumbing, tiling, fixtures, and fittings"
  },
  "kitchen": {
    "name": "Kitchen Fitting",
    "slug": "kitchen-fitting-quotes",
    "keywords": ["kitchen installation", "kitchen fitters", "new kitchen", "kitchen renovation", "fitted kitchen", "kitchen fitting cost"],
    "cost_range": "£5,000 - £15,000",
    "basic_cost": "£5,000 - £8,000",
    "mid_cost": "£8,000 - £12,000",
    "premium_cost": "£12,000 - £20,000+",
    "duration": "2-4 weeks",
    "image": "https://images.unsplash.com/photo-1556911220-bff31c812dba?w=800",
    "types": ["Full Kitchen Installation", "Kitchen Renovation", "Worktop Replacement", "Kitchen Remodeling", "Bespoke Kitchens"],
    "description": "Professional kitchen fitting including units, worktops, appliances, and plumbing"
  },
  "extension": {
    "name": "House Extension",
    "slug": "extension-quotes",
    "keywords": ["house extension", "home extension", "extension builders", "single storey extension", "double storey extension", "side return extension"],
    "cost_range": "£20,000 - £60,000",
    "basic_cost": "£20,000 - £35,000",
    "mid_cost": "£35,000 - £50,000",
    "premium_cost": "£50,000 - £80,000+",
    "duration": "3-6 months",
    "image": "https://images.unsplash.com/photo-1503387762-592deb58ef4e?w=800",
    "types": ["Single Storey Extension", "Double Storey Extension", "Side Return Extension", "Rear Extension", "Wraparound Extension"],
    "description": "Quality house extensions including single and double storey, side returns, and rear extensions"
  },
  "loft": {
    "name": "Loft Conversion",
    "slug": "loft-conversion-quotes",
    "keywords": ["loft conversion", "loft extension", "attic conversion", "dormer loft", "velux loft", "loft conversion cost"],
    "cost_range": "£25,000 - £50,000",
    "basic_cost": "£25,000 - £35,000",
    "mid_cost": "£35,000 - £45,000",
    "premium_cost": "£45,000 - £65,000+",
    "duration": "2-3 months",
    "image": "https://images.unsplash.com/photo-1484154218962-a197022b5858?w=800",
    "types": ["Dormer Loft Conversion", "Hip to Gable", "Mansard Conversion", "Velux/Rooflight Conversion"],
    "description": "Transform your attic into a beautiful living space with professional loft conversion services"
  },
  "electrical": {
    "name": "Electrical Work",
    "slug": "electrician-quotes",
    "keywords": ["electrician", "electrical work", "rewiring", "electrical installation", "certified electrician", "electrical safety"],
    "cost_range": "£150 - £3,000",
    "basic_cost": "£150 - £500",
    "mid_cost": "£500 - £1,500",
    "premium_cost": "£1,500 - £5,000+",
    "duration": "1-5 days",
    "image": "https://images.unsplash.com/photo-1621905251189-08b45d6a269e?w=800",
    "types": ["Full Rewiring", "Consumer Unit Replacement", "Socket Installation", "Lighting Installation", "Electrical Testing"],
    "description": "Certified electricians for all electrical work including rewiring, installations, and repairs"
  },
  "plumbing": {
    "name": "Plumbing Services",
    "slug": "plumber-quotes",
    "keywords": ["plumber", "plumbing", "boiler installation", "heating", "bathroom plumbing", "emergency plumber"],
    "cost_range": "£80 - £2,000",
    "basic_cost": "£80 - £300",
    "mid_cost": "£300 - £1,000",
    "premium_cost": "£1,000 - £3,000+",
    "duration": "1-3 days",
    "image": "https://images.unsplash.com/photo-1607472586893-edb57bdc0e39?w=800",
    "types": ["Boiler Installation", "Central Heating", "Bathroom Plumbing", "Pipe Repairs", "Emergency Plumbing"],
    "description": "Professional plumbers for all plumbing work including installations, repairs, and emergencies"
  },
  "roofing": {
    "name": "Roofing Services",
    "slug": "roofer-quotes",
    "keywords": ["roofer", "roofing", "roof repairs", "new roof", "roof replacement", "flat roof", "pitched roof"],
    "cost_range": "£2,000 - £12,000",
    "basic_cost": "£2,000 - £5,000",
    "mid_cost": "£5,000 - £8,000",
    "premium_cost": "£8,000 - £15,000+",
    "duration": "3-10 days",
    "image": "https://images.unsplash.com/photo-1565008576549-57569a49371d?w=800",
    "types": ["Roof Repairs", "New Roof Installation", "Flat Roof", "Pitched Roof", "Roof Replacement"],
    "description": "Expert roofers for all roofing work including repairs, replacements, and new installations"
  },
  "landscaping": {
    "name": "Landscaping",
    "slug": "landscaping-quotes",
    "keywords": ["landscaping", "garden design", "patio", "decking", "garden makeover", "artificial grass", "fencing"],
    "cost_range": "£1,500 - £10,000",
    "basic_cost": "£1,500 - £3,500",
    "mid_cost": "£3,500 - £7,000",
    "premium_cost": "£7,000 - £15,000+",
    "duration": "1-4 weeks",
    "image": "https://images.unsplash.com/photo-1558904541-efa843a96f01?w=800",
    "types": ["Patio Installation", "Decking", "Garden Design", "Artificial Grass", "Fencing", "Driveways"],
    "description": "Professional landscaping services including garden design, patios, decking, and planting"
  },
  "carpentry": {
    "name": "Carpentry Services",
    "slug": "carpenter-quotes",
    "keywords": ["carpenter", "carpentry", "bespoke carpentry", "fitted wardrobes", "shelving", "door installation"],
    "cost_range": "£200 - £3,000",
    "basic_cost": "£200 - £800",
    "mid_cost": "£800 - £1,800",
    "premium_cost": "£1,800 - £5,000+",
    "duration": "2-7 days",
    "image": "https://images.unsplash.com/photo-1504148455328-c376907d081c?w=800",
    "types": ["Fitted Wardrobes", "Bespoke Joinery", "Door Installation", "Shelving", "Stairs"],
    "description": "Skilled carpenters for all woodwork including fitted wardrobes, joinery, and installations"
  },
  "flooring": {
    "name": "Flooring Installation",
    "slug": "flooring-quotes",
    "keywords": ["flooring", "laminate flooring", "hardwood flooring", "vinyl flooring", "floor installation", "carpet fitting"],
    "cost_range": "£500 - £3,000",
    "basic_cost": "£500 - £1,200",
    "mid_cost": "£1,200 - £2,200",
    "premium_cost": "£2,200 - £5,000+",
    "duration": "1-5 days",
    "image": "https://images.unsplash.com/photo-1581858726788-75bc0f6a952d?w=800",
    "types": ["Laminate Flooring", "Hardwood Flooring", "Vinyl Flooring", "Carpet Fitting", "Engineered Wood"],
    "description": "Professional flooring installation including laminate, hardwood, vinyl, and carpet"
  },
  "hvac": {
    "name": "Heating & Cooling",
    "slug": "hvac-quotes",
    "keywords": ["heating", "air conditioning", "HVAC", "boiler", "heat pump", "central heating"],
    "cost_range": "£800 - £4,000",
    "basic_cost": "£800 - £1,800",
    "mid_cost": "£1,800 - £3,000",
    "premium_cost": "£3,000 - £6,000+",
    "duration": "1-3 days",
    "image": "https://images.unsplash.com/photo-1621905252507-b35492cc74b4?w=800",
    "types": ["Boiler Installation", "Central Heating", "Air Conditioning", "Heat Pumps", "Underfloor Heating"],
    "description": "Professional heating and cooling services including boiler installation and air conditioning"
  },
  "insulation": {
    "name": "Insulation Services",
    "slug": "insulation-quotes",
    "keywords": ["insulation", "loft insulation", "cavity wall insulation", "external wall insulation", "soundproofing"],
    "cost_range": "£400 - £3,000",
    "basic_cost": "£400 - £1,000",
    "mid_cost": "£1,000 - £2,000",
    "premium_cost": "£2,000 - £5,000+",
    "duration": "1-3 days",
    "image": "https://images.unsplash.com/photo-1581092334651-ddf26d9a09d0?w=800",
    "types": ["Loft Insulation", "Cavity Wall Insulation", "External Wall Insulation", "Floor Insulation"],
    "description": "Professional insulation services to improve energy efficiency and reduce heating bills"
  },
  "painting": {
    "name": "Painting & Decorating",
    "slug": "painter-decorator-quotes",
    "keywords": ["painter", "decorator", "painting", "decorating", "interior painting", "exterior painting"],
    "cost_range": "£300 - £2,500",
    "basic_cost": "£300 - £900",
    "mid_cost": "£900 - £1,800",
    "premium_cost": "£1,800 - £4,000+",
    "duration": "2-7 days",
    "image": "https://images.unsplash.com/photo-1589939705384-5185137a7f0f?w=800",
    "types": ["Interior Painting", "Exterior Painting", "Wallpapering", "Feature Walls", "Decorating"],
    "description": "Professional painters and decorators for all interior and exterior painting work"
  },
  "windows": {
    "name": "Window Installation",
    "slug": "window-installation-quotes",
    "keywords": ["windows", "double glazing", "UPVC windows", "window installation", "window replacement"],
    "cost_range": "£400 - £1,200 per window",
    "basic_cost": "£400 - £700",
    "mid_cost": "£700 - £1,000",
    "premium_cost": "£1,000 - £1,500+",
    "duration": "1-3 days",
    "image": "https://images.unsplash.com/photo-1585328332525-f2d75c4eef84?w=800",
    "types": ["UPVC Windows", "Double Glazing", "Triple Glazing", "Sash Windows", "Bay Windows"],
    "description": "Professional window installation including UPVC, double glazing, and sash windows"
  }
}
